{"cx0": 0.40208150370240264, "cx1": 0.5017534621072917, "cy0": 0.18615721349621872, "cy1": 0.8888472465981972}