{"z_near": 0.6300000548362732, "z_far": 3.4010002613067627, "y_top": -0.45789578557014465, "y_bot": 0.5037469267845154}