{"z_near": 0.367000013589859, "z_far": 3.2380001544952393, "y_top": -0.482968807220459, "y_bot": 0.3769821524620056}