{"z_near": 0.4480000138282776, "z_far": 3.0850000381469727, "y_top": 0.43168291449546814, "y_bot": 1.1205357313156128}